[
   {
      "ingredient_id": "espresso_shot",
      "name": "Espresso Shot",
      "quantity": 500,
      "unit": "shots"
   },
   {
      "ingredient_id": "milk",
      "name": "Milk",
      "quantity": 5000,
      "unit": "ml"
   },
   {
      "ingredient_id": "flour",
      "name": "Flour",
      "quantity": 10000,
      "unit": "g"
   },
   {
      "ingredient_id": "blueberries",
      "name": "Blueberries",
      "quantity": 2000,
      "unit": "g"
   },
   {
      "ingredient_id": "sugar",
      "name": "Sugar",
      "quantity": 5000,
      "unit": "g"
   }
]